
/* Заполнение таблицы Catalogs */
USE Book;
GO
SET NOCOUNT ON;
DELETE FROM Catalogs;
INSERT INTO Catalogs (cat_ID, cat_name) VALUES (1, 'Программирование');
INSERT INTO Catalogs (cat_ID, cat_name) VALUES (2, 'Интернет');
INSERT INTO Catalogs (cat_ID, cat_name) VALUES (3, 'бaзы данныx');
INSERT INTO Catalogs (cat_ID, cat_name) VALUES (4, 'Сети');
INSERT INTO Catalogs (cat_ID, cat_name) VALUES (5, 'Мультимедиа');
GO

/* Заполнение таблицы Users */
USE Book;
GO
SET NOCOUNT ON;
DELETE FROM Users;
INSERT INTO Users VALUES
(1, 'Александр', 'Валерьевич', 'Иванов', '58-98-78', 'ivanov@email.ru', 'active'), 
(2, 'Cepreй', 'Иванович', 'Лосeв', '90-57-77', 'losev@email.ru', 'passive'),
(3, 'Hинa', 'Cepгеевна', 'Прачева', '95-66-61', 'gracheva@email.ru', 'active'), 
(4, 'Maксим', 'Петрович', 'Кузнецов', NULL, 'kuznetsov@email.ru', 'active'), 
(5, 'Анатолий', 'Юрьевич', 'Петров', NULL, NULL, 'lock'),
(6, 'Александр', 'Александрович', 'Корнеев', '89-78-36', 'korneev@email.ru', 'gold');
GO

/* Заполнение таблицы Books */
USE Book;
GO
SET NOCOUNT ON;
DELETE FROM Books;
INSERT INTO Books (book_ID, b_name, b_author, b_year, b_price, b_count, b_cat_ID) VALUES
(1, 'Java. Руководство для начинающих', 'Шилдт Г.', 2012, 636.00, 10, 1),
(2, 'Microsoft Visual Studio 2010', 'Голощапов А.Л.', 2011, 472.00, 2, 1),
(3, 'Язык программирования С++. Лекции и упражнения', 'Прата С.', 2012, 1674.00, 4, 1),
(4, 'Язык программирования С# 5.0 и платформа .NET 4.5', 'Троелсен Э.', 2013, 1672.00, 1, 1),
(5,'Язык С#. Базовый курс', 'Подбельский В.В.', 2011, 534.00, 6, 1),
(6, 'Delphi. Программирование для Windows, OS X, iOS и Android', 'Осипов Д.', 2014, 440.00, 6, 1), 
(7, 'PHP, MySQL, XML. Программирование для интернета', 'Бенкен Е.С.', 2011, 239.00, 5, 1), 
(8, 'Совершенный код', 'Макконнелл С.', 2014, 814.80, 1, 1),
(9, 'С#. Программирование на языке высокого уровня', 'Павловская Т.А.', 2013, 442.00, 12, 1), 
(10, 'Новейшая энциклопедия. Компьютер и Internet 2014', 'Леонтьев В.П.', 2014, 468.00, 4, 2), 
(11, 'Internet: поиск информации и продвижение сайтов', 'Байков В.Д.', 2012, 395.00, 2, 2), 
(12, 'Internet у вас дома', 'Березин С.', 2012, 578.80, 6, 2),
(13, 'Интернет. Быстрый старт', 'Шапошников И.В.', 2012, 395.00, 4, 2),
(14, 'Популярные интернет-браузеры', 'Маринин С.А.', 2007, 82.00, 6, 2),
(15, 'Анонимность и безопасность в Интернете', 'Колисниченко Д.Н.', 2012, 176.00, 5, 2),
(16, 'Основы использования и проектирования баз данных', 'Илюшечкин В.М.', 2010, 355.00, 2, 3), 
(17, 'SQL для чайников', 'Тейлор А.Г.', 2012, 400.00, 6, 3),
(18, 'Раскрытие тайн SQL', 'Оппель Э.', 2007, 200.00, 3, 3),
(19, 'Microsoft SQL Server 2012', 'Бондарь А.Г.', 2013, 529.00, 6, 3),
(20, 'Локальные сети. Модернизация и поиск неисправностей', 'Поляк-Брагинский А.В.',2012, 456.40, 6, 4),
(21, 'Компьютерные сети и сетевые технологии', 'Кузьменко Н.Г.', 2013, 421.70, 4, 4),
(22, 'Практическое руководство системного администратора', 'Кенин А.М.', 2013, 383.10, 5, 4), 
(23, 'ТСР/ІР. Архитектура. Протоколы. Реализация', 'Фейт С.', 2014, 464.00, 3, 4), 
(24, 'Технологии современных сетей Ethernet', 'Смирнова Е.В.' , 2012, 245.50, 8, 4),
(25, 'Цифровая обработка 2D и 3D-изображений', 'Красильников Н.Н.', 2011, 558.40, 20,5), 
(26, 'Самоучитель Adobe Illustrator CS6', 'Тучкевич Е.И.', 2014, 353.00, 15, 5),
(27, 'Photoshop для начинающих', 'Заика А.', 2013, 148.00, 10, 5),
(28, 'Звуковой дизайн в видеоиграх', 'Деникин А.А.', 2012, 888.00, 20, 5),
(29, 'Слушаем музыку и смотрим фильмы на ПК', 'Дронов В.А.', 2011, 252.50, 12, 5),
(30, 'Звукозапись на компьютере', 'Петелин Р.Ю.', 2010, 392.00, 8, 5);
GO

/* Заполнение таблицы Orders */
USE Book;
GO
SET NOCOUNT ON;
DELETE FROM Orders;
INSERT INTO Orders VALUES (1, 3, 8, '04/01/2014 10:39:38', 1);
INSERT INTO Orders VALUES (2, 6, 10, '10/02/2014 09:40:29', 2);
INSERT INTO Orders VALUES (3, 1, 20, '18/02/2014 13:41:05', 4); 
INSERT INTO Orders VALUES (4, 4, 20, '10/03/2014 18:20:00', 1);
INSERT INTO Orders VALUES (5, 3, 20, '17/03/2014 19:15:36', 1);
GO